Datetime,Water Level (m)
2025-07-08 12:00:00,0.37273934
2025-07-08 13:00:00,0.6978409
2025-07-08 14:00:00,0.9464541
2025-07-08 15:00:00,1.0442443
2025-07-08 16:00:00,0.99825484
2025-07-08 17:00:00,0.7679722
2025-07-08 18:00:00,0.4611301
2025-07-08 19:00:00,0.1713964
2025-07-08 20:00:00,-0.06418395
2025-07-08 21:00:00,-0.2302612
2025-07-08 22:00:00,-0.23632754
2025-07-08 23:00:00,0.04486758
2025-07-09 00:00:00,0.46997273
2025-07-09 01:00:00,0.90595454
2025-07-09 02:00:00,1.2615682
2025-07-09 03:00:00,1.4660481
2025-07-09 04:00:00,1.5230069
2025-07-09 05:00:00,1.3945514
2025-07-09 06:00:00,1.0948355
2025-07-09 07:00:00,0.7385014
2025-07-09 08:00:00,0.4167793
2025-07-09 09:00:00,0.1588533
2025-07-09 10:00:00,-0.01503963
2025-07-09 11:00:00,-0.07334178
2025-07-09 12:00:00,0.13549736
2025-07-09 13:00:00,0.5352311
2025-07-09 14:00:00,0.9055631
2025-07-09 15:00:00,1.1302236
2025-07-09 16:00:00,1.1846389
2025-07-09 17:00:00,1.0262768
2025-07-09 18:00:00,0.72210157
2025-07-09 19:00:00,0.38243443
2025-07-09 20:00:00,0.08954961
2025-07-09 21:00:00,-0.15644369
2025-07-09 22:00:00,-0.3217508
2025-07-09 23:00:00,-0.33149925
2025-07-10 00:00:00,-0.026992768
2025-07-10 01:00:00,0.48419577
2025-07-10 02:00:00,0.97216845
2025-07-10 03:00:00,1.3620439
2025-07-10 04:00:00,1.5884887
2025-07-10 05:00:00,1.5924959
2025-07-10 06:00:00,1.3447405
2025-07-10 07:00:00,0.9496153
2025-07-10 08:00:00,0.5803955
2025-07-10 09:00:00,0.2544542
2025-07-10 10:00:00,0.014128215
2025-07-10 11:00:00,-0.16158545
2025-07-10 12:00:00,-0.15499009
2025-07-10 13:00:00,0.15910996
2025-07-10 14:00:00,0.60946196
2025-07-10 15:00:00,0.9805792
2025-07-10 16:00:00,1.1955234
2025-07-10 17:00:00,1.2176813
2025-07-10 18:00:00,0.98756593
2025-07-10 19:00:00,0.6113305
2025-07-10 20:00:00,0.24913087
2025-07-10 21:00:00,-0.051965944
2025-07-10 22:00:00,-0.30780536
2025-07-10 23:00:00,-0.48416856
2025-07-11 00:00:00,-0.44728643
2025-07-11 01:00:00,0.009660733
2025-07-11 02:00:00,0.5531902
2025-07-11 03:00:00,1.0634627
2025-07-11 04:00:00,1.4486858
2025-07-11 05:00:00,1.6343821
2025-07-11 06:00:00,1.5349059
2025-07-11 07:00:00,1.185909
2025-07-11 08:00:00,0.7565299
2025-07-11 09:00:00,0.3610467
2025-07-11 10:00:00,0.05279069
2025-07-11 11:00:00,-0.20175251
2025-07-11 12:00:00,-0.35545877
2025-07-11 13:00:00,-0.28230986
2025-07-11 14:00:00,0.19843034
2025-07-11 15:00:00,0.7111432
2025-07-11 16:00:00,1.0754955
2025-07-11 17:00:00,1.2549644
2025-07-11 18:00:00,1.1933427
2025-07-11 19:00:00,0.8676705
2025-07-11 20:00:00,0.46249098
2025-07-11 21:00:00,0.112424925
2025-07-11 22:00:00,-0.1820656
2025-07-11 23:00:00,-0.4152284
2025-07-12 00:00:00,-0.55268335
2025-07-12 01:00:00,-0.37437382
2025-07-12 02:00:00,0.17295408
2025-07-12 03:00:00,0.77508724
2025-07-12 04:00:00,1.2948875
2025-07-12 05:00:00,1.6526707
2025-07-12 06:00:00,1.73501
2025-07-12 07:00:00,1.5010817
2025-07-12 08:00:00,1.0406268
2025-07-12 09:00:00,0.6091411
2025-07-12 10:00:00,0.24020165
2025-07-12 11:00:00,-0.054001648
2025-07-12 12:00:00,-0.27841997
2025-07-12 13:00:00,-0.3958717
2025-07-12 14:00:00,-0.15722312
2025-07-12 15:00:00,0.4062116
2025-07-12 16:00:00,0.91269016
2025-07-12 17:00:00,1.2474964
2025-07-12 18:00:00,1.369285
2025-07-12 19:00:00,1.1892723
2025-07-12 20:00:00,0.77987695
2025-07-12 21:00:00,0.36861908
2025-07-12 22:00:00,0.0367074
2025-07-12 23:00:00,-0.24214615
2025-07-13 00:00:00,-0.45849887
2025-07-13 01:00:00,-0.5274951
2025-07-13 02:00:00,-0.17865661
2025-07-13 03:00:00,0.4338318
2025-07-13 04:00:00,1.0396388
2025-07-13 05:00:00,1.5155996
2025-07-13 06:00:00,1.7889113
2025-07-13 07:00:00,1.7351081
2025-07-13 08:00:00,1.3632977
2025-07-13 09:00:00,0.8840258
2025-07-13 10:00:00,0.47354615
2025-07-13 11:00:00,0.12564844
2025-07-13 12:00:00,-0.15783185
2025-07-13 13:00:00,-0.35578236
2025-07-13 14:00:00,-0.36535075
2025-07-13 15:00:00,0.094716944
2025-07-13 16:00:00,0.65647185
2025-07-13 17:00:00,1.1176012
2025-07-13 18:00:00,1.4031699
2025-07-13 19:00:00,1.4390528
2025-07-13 20:00:00,1.1463678
2025-07-13 21:00:00,0.73139906
2025-07-13 22:00:00,0.33886862
2025-07-13 23:00:00,0.020002205
2025-07-14 00:00:00,-0.23033759
2025-07-14 01:00:00,-0.40902278
2025-07-14 02:00:00,-0.3760942
2025-07-14 03:00:00,0.1008294
2025-07-14 04:00:00,0.76020247
2025-07-14 05:00:00,1.322383
2025-07-14 06:00:00,1.7203242
2025-07-14 07:00:00,1.8491113
2025-07-14 08:00:00,1.6450919
2025-07-14 09:00:00,1.1851805
2025-07-14 10:00:00,0.7370297
2025-07-14 11:00:00,0.33321136
2025-07-14 12:00:00,0.0065547545
